customer_id,customer_name,region,segment,signup_date,gender,age
C00001,Vikram Rao,North,Consumer,2022-02-25,M,34
C00002,Shreya Gupta,North,Consumer,2022-04-13,F,34
C00003,Kavya Singh,North,Consumer,2024-02-16,F,26
C00004,Isha Gupta,South,Consumer,2022-02-09,M,33
C00005,Sai Verma,East,Corporate,2022-03-24,M,34
C00006,Priya Verma,West,Consumer,2023-05-04,M,26
C00007,Rohit Kumar,East,Consumer,2023-06-09,F,46
C00008,Neha Joshi,East,Corporate,2022-08-23,M,35
C00009,Amit Kumar,East,Home Office,2024-02-08,F,22
C00010,Kiran Verma,North,Consumer,2023-05-13,M,37
C00011,Kiran Patel,West,Consumer,2022-09-05,M,24
C00012,Sai Rao,South,Consumer,2023-11-30,M,38
C00013,Manish Gupta,West,Consumer,2024-01-12,F,41
C00014,Kiran Sharma,South,Corporate,2023-07-08,F,25
C00015,Rohit Gupta,West,Consumer,2023-10-23,M,39
C00016,Manish Kumar,South,Consumer,2024-08-09,F,35
C00017,Sai Reddy,South,Consumer,2024-09-25,M,38
C00018,Sai Patel,South,Home Office,2023-07-20,M,47
C00019,Ananya Verma,North,Corporate,2024-09-27,M,30
C00020,Kiran Nair,East,Consumer,2022-02-05,M,25
C00021,Amit Verma,South,Consumer,2024-01-26,F,24
C00022,Ananya Rao,South,Home Office,2023-11-09,F,25
C00023,Kiran Nair,South,Consumer,2022-09-05,M,31
C00024,Sai Kumar,West,Home Office,2023-01-15,M,34
C00025,Priya Nair,South,Consumer,2023-08-03,M,34
C00026,Manish Verma,South,Consumer,2023-09-12,M,38
C00027,Kiran Rao,North,Consumer,2022-04-22,F,32
C00028,Kiran Sharma,East,Corporate,2022-07-30,M,43
C00029,Vikram Patel,South,Consumer,2023-01-13,M,29
C00030,Amit Nair,North,Consumer,2024-10-04,M,53
C00031,Vikram Reddy,North,Corporate,2023-09-15,M,37
C00032,Priya Kumar,East,Consumer,2023-04-08,F,25
C00033,Rohit Nair,South,Consumer,2024-05-28,F,23
C00034,Vikram Joshi,North,Home Office,2022-07-23,M,35
C00035,Shreya Verma,South,Consumer,2023-05-07,M,30
C00036,Ananya Kumar,North,Consumer,2024-08-20,F,37
C00037,Arjun Verma,South,Consumer,2024-07-18,M,35
C00038,Shreya Verma,Central,Corporate,2023-02-10,F,31
C00039,Ravi Rao,North,Consumer,2023-06-29,M,25
C00040,Ravi Reddy,North,Consumer,2023-08-15,F,19
C00041,Ravi Nair,East,Consumer,2023-07-12,F,28
C00042,Rohit Kumar,East,Home Office,2023-10-23,F,38
C00043,Arjun Kumar,North,Consumer,2022-02-12,F,33
C00044,Vikram Reddy,West,Consumer,2024-06-24,F,22
C00045,Neha Joshi,South,Corporate,2022-07-06,F,33
C00046,Sai Gupta,South,Consumer,2022-11-26,F,35
C00047,Kavya Nair,South,Home Office,2022-03-17,F,24
C00048,Ravi Singh,South,Consumer,2024-04-07,M,33
C00049,Shreya Rao,South,Consumer,2024-01-11,F,32
C00050,Shreya Nair,West,Consumer,2022-09-26,F,22
C00051,Rohit Nair,North,Home Office,2023-05-06,M,34
C00052,Amit Rao,North,Consumer,2023-04-06,M,36
C00053,Rohit Kumar,East,Consumer,2023-08-21,F,40
C00054,Kavya Nair,Central,Consumer,2022-10-24,F,40
C00055,Priya Joshi,East,Home Office,2022-05-23,F,20
C00056,Isha Gupta,South,Corporate,2023-07-02,M,24
C00057,Amit Patel,West,Consumer,2024-09-29,M,36
C00058,Rohit Rao,South,Consumer,2024-02-12,F,36
C00059,Deepa Singh,West,Home Office,2023-05-05,F,36
C00060,Priya Gupta,North,Corporate,2024-02-20,F,62
C00061,Shreya Sharma,South,Consumer,2024-10-25,F,36
C00062,Manish Kumar,West,Consumer,2024-07-24,M,41
C00063,Kiran Sharma,South,Consumer,2022-11-13,M,39
C00064,Rohit Patel,South,Consumer,2022-06-14,F,37
C00065,Manish Rao,South,Consumer,2024-09-26,M,29
C00066,Vikram Kumar,North,Consumer,2023-08-12,M,38
C00067,Kiran Kumar,South,Consumer,2022-07-25,F,25
C00068,Neha Patel,Central,Consumer,2022-04-25,F,30
C00069,Sai Singh,South,Consumer,2024-04-23,M,28
C00070,Neha Sharma,North,Home Office,2023-05-09,F,32
C00071,Deepa Joshi,North,Consumer,2023-06-05,F,50
C00072,Amit Reddy,West,Consumer,2023-08-13,M,18
C00073,Ravi Nair,Central,Home Office,2023-09-05,F,37
C00074,Kiran Patel,South,Consumer,2024-02-27,F,19
C00075,Ravi Verma,South,Consumer,2023-08-29,F,28
C00076,Arjun Gupta,South,Consumer,2022-04-11,F,40
C00077,Manish Patel,West,Consumer,2023-12-23,M,32
C00078,Shreya Verma,East,Consumer,2022-10-08,M,23
C00079,Deepa Reddy,South,Consumer,2024-01-18,M,26
C00080,Ravi Patel,South,Consumer,2023-02-16,M,37
C00081,Isha Rao,West,Consumer,2024-10-24,F,26
C00082,Manish Sharma,South,Corporate,2024-09-13,F,33
C00083,Kiran Singh,West,Consumer,2022-06-04,M,32
C00084,Isha Verma,West,Corporate,2024-03-24,F,26
C00085,Ravi Gupta,North,Consumer,2024-07-20,F,49
C00086,Shreya Patel,East,Corporate,2024-01-31,M,37
C00087,Shreya Verma,South,Consumer,2023-11-03,M,18
C00088,Shreya Kumar,East,Consumer,2023-09-11,F,33
C00089,Ravi Sharma,North,Consumer,2024-10-05,M,26
C00090,Ravi Verma,West,Consumer,2024-07-18,F,38
C00091,Shreya Rao,South,Corporate,2022-11-13,F,25
C00092,Shreya Kumar,West,Consumer,2023-07-27,M,31
C00093,Kiran Singh,North,Consumer,2023-04-29,F,36
C00094,Ravi Singh,East,Home Office,2024-01-05,M,38
C00095,Kavya Patel,North,Consumer,2024-07-20,M,22
C00096,Shreya Verma,East,Consumer,2022-02-13,M,29
C00097,Isha Singh,North,Consumer,2023-02-25,M,28
C00098,Manish Rao,North,Consumer,2023-04-23,F,26
C00099,Isha Sharma,West,Consumer,2023-07-22,M,46
C00100,Neha Rao,South,Consumer,2022-02-22,M,35
C00101,Arjun Singh,West,Consumer,2023-10-26,M,21
C00102,Neha Patel,North,Corporate,2022-08-21,M,39
C00103,Rohit Nair,West,Consumer,2022-08-12,F,48
C00104,Ananya Verma,Central,Consumer,2023-09-10,F,40
C00105,Shreya Reddy,North,Consumer,2024-04-02,F,19
C00106,Shreya Kumar,South,Home Office,2022-05-31,M,28
C00107,Sai Joshi,North,Consumer,2023-10-28,F,42
C00108,Vikram Rao,South,Consumer,2024-05-31,M,26
C00109,Isha Kumar,West,Consumer,2023-03-17,F,35
C00110,Rohit Verma,South,Corporate,2024-03-27,F,38
C00111,Kiran Kumar,South,Consumer,2023-06-07,F,24
C00112,Neha Nair,North,Corporate,2022-07-10,F,31
C00113,Ravi Singh,West,Consumer,2023-11-07,M,18
C00114,Kavya Singh,West,Home Office,2024-05-16,M,23
C00115,Amit Joshi,South,Consumer,2023-03-12,M,29
C00116,Shreya Nair,North,Consumer,2024-01-23,M,22
C00117,Isha Patel,East,Corporate,2022-02-23,F,45
C00118,Arjun Sharma,South,Corporate,2023-11-27,F,20
C00119,Arjun Sharma,West,Consumer,2024-03-31,M,28
C00120,Neha Reddy,North,Consumer,2024-02-10,F,33
C00121,Rohit Singh,North,Consumer,2023-10-27,M,43
C00122,Deepa Reddy,North,Corporate,2022-04-12,M,20
C00123,Amit Nair,East,Consumer,2024-06-24,F,41
C00124,Amit Verma,West,Consumer,2024-05-30,M,32
C00125,Amit Joshi,South,Consumer,2022-04-04,M,24
C00126,Kavya Joshi,North,Consumer,2023-03-09,M,35
C00127,Isha Patel,South,Consumer,2024-10-15,F,33
C00128,Neha Sharma,South,Corporate,2024-10-21,F,27
C00129,Ravi Gupta,West,Consumer,2022-02-08,F,32
C00130,Deepa Kumar,West,Consumer,2024-04-08,F,28
C00131,Amit Kumar,South,Home Office,2022-12-18,F,32
C00132,Manish Singh,North,Corporate,2023-05-14,F,37
C00133,Vikram Gupta,East,Consumer,2023-09-28,F,44
C00134,Priya Singh,West,Consumer,2022-08-22,M,22
C00135,Deepa Singh,South,Home Office,2022-10-30,M,49
C00136,Ravi Sharma,South,Consumer,2022-11-10,M,18
C00137,Neha Nair,South,Consumer,2024-07-08,F,30
C00138,Manish Singh,North,Consumer,2024-06-24,F,36
C00139,Isha Patel,East,Consumer,2022-06-01,F,34
C00140,Rohit Nair,North,Consumer,2023-08-11,M,27
C00141,Shreya Kumar,East,Consumer,2024-08-05,M,30
C00142,Rohit Joshi,East,Consumer,2024-09-01,M,28
C00143,Arjun Nair,North,Home Office,2023-12-05,M,27
C00144,Ananya Sharma,North,Corporate,2024-06-18,M,38
C00145,Sai Singh,Central,Consumer,2023-11-24,M,34
C00146,Isha Singh,North,Consumer,2024-03-02,F,26
C00147,Amit Joshi,West,Consumer,2022-10-17,F,39
C00148,Amit Gupta,North,Corporate,2022-06-23,F,34
C00149,Ananya Gupta,East,Consumer,2022-09-19,M,38
C00150,Shreya Gupta,East,Consumer,2023-09-25,M,37
C00151,Priya Singh,Central,Consumer,2023-04-09,M,25
C00152,Neha Kumar,South,Corporate,2022-03-19,F,27
C00153,Deepa Joshi,North,Consumer,2022-11-29,M,37
C00154,Manish Joshi,West,Consumer,2024-06-15,M,36
C00155,Kavya Singh,East,Consumer,2024-06-28,F,31
C00156,Isha Nair,North,Consumer,2024-08-18,M,32
C00157,Sai Joshi,Central,Consumer,2023-08-01,F,42
C00158,Ananya Rao,South,Consumer,2023-02-13,M,27
C00159,Manish Patel,North,Consumer,2024-01-31,M,36
C00160,Kiran Rao,West,Consumer,2022-11-25,F,30
C00161,Rohit Rao,North,Consumer,2023-03-31,F,30
C00162,Deepa Singh,Central,Consumer,2024-03-22,F,40
C00163,Priya Gupta,Central,Consumer,2022-02-27,F,38
C00164,Deepa Kumar,West,Consumer,2022-10-27,M,38
C00165,Arjun Patel,Central,Consumer,2022-10-12,F,42
C00166,Rohit Joshi,North,Consumer,2023-06-09,M,32
C00167,Manish Sharma,East,Corporate,2024-05-16,M,37
C00168,Isha Patel,North,Consumer,2023-05-04,F,29
C00169,Shreya Joshi,South,Consumer,2024-10-20,M,34
C00170,Shreya Rao,East,Corporate,2023-08-20,F,30
C00171,Arjun Joshi,South,Consumer,2023-01-19,M,32
C00172,Ananya Singh,North,Consumer,2022-02-11,F,36
C00173,Manish Nair,North,Consumer,2024-02-04,F,25
C00174,Kiran Reddy,South,Consumer,2023-05-09,M,48
C00175,Isha Joshi,West,Consumer,2022-04-01,F,23
C00176,Ananya Singh,West,Consumer,2024-08-09,F,22
C00177,Shreya Sharma,West,Consumer,2024-07-26,M,41
C00178,Amit Verma,North,Consumer,2022-03-27,F,38
C00179,Deepa Patel,East,Home Office,2024-08-27,F,36
C00180,Arjun Verma,South,Home Office,2022-04-08,F,37
C00181,Amit Kumar,West,Consumer,2024-03-30,F,31
C00182,Deepa Gupta,South,Consumer,2024-10-15,F,24
C00183,Deepa Rao,South,Consumer,2024-05-19,M,32
C00184,Kavya Joshi,Central,Consumer,2023-08-25,F,26
C00185,Ravi Kumar,South,Consumer,2024-07-02,F,39
C00186,Neha Nair,South,Consumer,2023-12-24,F,30
C00187,Amit Reddy,North,Consumer,2024-01-15,M,25
C00188,Arjun Sharma,West,Consumer,2024-06-16,M,29
C00189,Neha Kumar,North,Consumer,2024-01-12,F,35
C00190,Vikram Reddy,East,Consumer,2024-01-30,F,27
C00191,Rohit Kumar,East,Consumer,2024-03-26,F,25
C00192,Shreya Patel,North,Consumer,2023-01-17,F,33
C00193,Ananya Gupta,Central,Consumer,2023-06-18,F,33
C00194,Priya Joshi,South,Home Office,2024-10-02,M,27
C00195,Ravi Sharma,West,Consumer,2024-06-30,M,28
C00196,Isha Singh,East,Corporate,2023-08-18,F,33
C00197,Manish Sharma,West,Home Office,2022-12-23,F,20
C00198,Ananya Verma,North,Consumer,2022-10-12,M,20
C00199,Isha Nair,North,Consumer,2024-01-26,F,26
C00200,Isha Rao,North,Home Office,2022-05-15,F,30
C00201,Kavya Nair,East,Corporate,2022-06-01,M,34
C00202,Sai Kumar,South,Consumer,2023-12-07,M,43
C00203,Deepa Rao,East,Consumer,2022-09-22,F,38
C00204,Ananya Reddy,West,Consumer,2023-09-15,M,30
C00205,Neha Singh,Central,Consumer,2023-08-05,M,31
C00206,Amit Verma,East,Consumer,2022-09-14,F,23
C00207,Vikram Rao,North,Consumer,2022-11-12,M,31
C00208,Shreya Joshi,West,Consumer,2022-03-26,M,29
C00209,Ravi Reddy,Central,Corporate,2023-06-27,M,34
C00210,Isha Joshi,South,Consumer,2024-10-16,F,25
C00211,Shreya Patel,South,Corporate,2024-04-11,F,36
C00212,Rohit Kumar,East,Consumer,2024-05-01,F,44
C00213,Rohit Verma,South,Consumer,2023-10-16,F,31
C00214,Kavya Sharma,West,Consumer,2022-08-06,F,35
C00215,Priya Nair,North,Consumer,2022-10-16,M,37
C00216,Arjun Patel,Central,Home Office,2024-05-06,M,28
C00217,Manish Sharma,West,Home Office,2023-10-03,M,33
C00218,Isha Sharma,South,Consumer,2024-10-18,F,32
C00219,Rohit Reddy,North,Consumer,2024-07-25,M,32
C00220,Priya Joshi,South,Consumer,2024-10-10,F,25
C00221,Amit Rao,North,Consumer,2022-10-02,F,32
C00222,Kiran Singh,West,Consumer,2024-03-31,M,35
C00223,Vikram Rao,North,Consumer,2022-05-31,F,43
C00224,Ananya Nair,West,Consumer,2022-09-01,M,39
C00225,Ravi Gupta,South,Home Office,2024-01-19,M,49
C00226,Priya Joshi,East,Consumer,2022-04-03,M,25
C00227,Neha Singh,West,Consumer,2022-11-02,M,38
C00228,Sai Joshi,South,Consumer,2023-09-05,F,33
C00229,Ananya Rao,East,Corporate,2023-09-06,F,49
C00230,Manish Reddy,South,Consumer,2024-05-03,F,25
C00231,Isha Reddy,East,Consumer,2023-04-12,M,25
C00232,Vikram Nair,North,Consumer,2024-02-18,M,27
C00233,Manish Verma,North,Home Office,2022-08-14,M,18
C00234,Arjun Nair,South,Consumer,2023-02-22,F,27
C00235,Ananya Joshi,Central,Home Office,2022-05-08,M,25
C00236,Ananya Verma,East,Home Office,2024-09-06,F,33
C00237,Sai Sharma,South,Consumer,2023-12-27,F,34
C00238,Vikram Nair,North,Consumer,2023-09-04,M,47
C00239,Amit Patel,West,Consumer,2024-09-28,F,39
C00240,Rohit Singh,East,Home Office,2023-07-15,F,27
C00241,Ravi Joshi,East,Consumer,2024-03-19,F,24
C00242,Isha Sharma,South,Consumer,2022-06-11,F,35
C00243,Deepa Nair,East,Corporate,2023-03-15,M,21
C00244,Manish Rao,South,Consumer,2023-07-11,M,46
C00245,Ravi Joshi,West,Consumer,2022-04-14,M,41
C00246,Shreya Verma,North,Consumer,2024-08-25,M,28
C00247,Shreya Sharma,North,Consumer,2022-11-20,F,18
C00248,Shreya Nair,South,Consumer,2023-08-12,F,42
C00249,Amit Reddy,Central,Consumer,2023-04-21,M,31
C00250,Deepa Sharma,South,Corporate,2022-03-16,F,41
C00251,Isha Nair,North,Corporate,2023-08-16,M,19
C00252,Arjun Patel,East,Consumer,2023-11-18,F,27
C00253,Rohit Rao,East,Home Office,2022-10-02,F,32
C00254,Amit Verma,West,Consumer,2024-07-28,F,32
C00255,Kiran Sharma,North,Consumer,2023-08-28,M,28
C00256,Neha Joshi,West,Home Office,2024-05-25,F,36
C00257,Ravi Gupta,East,Consumer,2022-10-15,F,23
C00258,Sai Verma,North,Consumer,2024-07-03,F,30
C00259,Sai Patel,East,Consumer,2023-06-20,F,32
C00260,Kiran Verma,North,Consumer,2023-09-21,M,36
C00261,Kavya Rao,Central,Home Office,2023-09-29,M,37
C00262,Shreya Patel,South,Consumer,2022-10-01,F,23
C00263,Neha Nair,West,Consumer,2024-05-01,F,19
C00264,Isha Rao,West,Corporate,2023-05-22,M,42
C00265,Ananya Nair,East,Consumer,2022-08-18,M,34
C00266,Manish Rao,Central,Consumer,2022-11-03,M,26
C00267,Sai Rao,South,Consumer,2024-09-28,M,44
C00268,Deepa Rao,South,Consumer,2022-09-28,F,32
C00269,Rohit Joshi,North,Consumer,2023-09-24,M,41
C00270,Kavya Patel,West,Corporate,2022-05-30,M,32
C00271,Kavya Singh,West,Consumer,2022-05-04,M,48
C00272,Deepa Nair,North,Consumer,2022-10-05,F,46
C00273,Sai Gupta,South,Home Office,2024-02-13,F,30
C00274,Ravi Rao,North,Home Office,2022-08-31,M,39
C00275,Ananya Gupta,East,Corporate,2023-04-02,M,37
C00276,Isha Reddy,Central,Consumer,2024-05-18,F,42
C00277,Manish Verma,North,Consumer,2023-07-19,M,24
C00278,Deepa Kumar,North,Consumer,2022-02-02,M,37
C00279,Priya Kumar,North,Consumer,2022-04-10,M,40
C00280,Kiran Reddy,South,Consumer,2023-03-21,M,18
C00281,Neha Rao,Central,Consumer,2023-10-16,F,22
C00282,Priya Patel,West,Home Office,2023-03-29,F,18
C00283,Amit Patel,North,Home Office,2022-12-25,F,29
C00284,Ananya Nair,North,Consumer,2024-02-20,F,37
C00285,Kiran Gupta,South,Consumer,2023-01-12,F,44
C00286,Priya Verma,South,Corporate,2024-08-06,M,32
C00287,Ananya Gupta,Central,Consumer,2022-10-02,F,45
C00288,Priya Patel,North,Consumer,2024-07-10,F,20
C00289,Ravi Rao,West,Consumer,2023-07-04,F,18
C00290,Shreya Joshi,East,Home Office,2023-01-21,M,31
C00291,Rohit Verma,West,Consumer,2022-02-01,M,35
C00292,Deepa Verma,Central,Consumer,2024-09-07,M,31
C00293,Kiran Joshi,West,Consumer,2023-05-06,F,18
C00294,Isha Patel,South,Consumer,2024-01-06,F,31
C00295,Amit Singh,East,Consumer,2022-07-21,F,21
C00296,Isha Singh,Central,Consumer,2024-04-27,M,37
C00297,Vikram Verma,West,Consumer,2024-05-05,F,34
C00298,Neha Verma,South,Consumer,2023-05-19,F,24
C00299,Ananya Singh,South,Corporate,2024-10-01,F,27
C00300,Neha Singh,North,Corporate,2024-09-27,M,23
C00301,Deepa Rao,Central,Home Office,2022-03-11,M,31
C00302,Manish Reddy,West,Consumer,2023-04-19,M,39
C00303,Kiran Sharma,North,Consumer,2024-02-04,M,24
C00304,Vikram Joshi,Central,Consumer,2022-02-02,M,36
C00305,Ananya Rao,South,Consumer,2023-07-17,F,27
C00306,Arjun Rao,West,Consumer,2023-01-03,M,25
C00307,Deepa Kumar,East,Consumer,2023-06-01,F,31
C00308,Amit Gupta,North,Home Office,2024-07-29,M,23
C00309,Kiran Verma,South,Corporate,2022-06-15,M,27
C00310,Ravi Gupta,South,Consumer,2022-04-25,M,22
C00311,Kiran Sharma,North,Corporate,2023-11-10,M,47
C00312,Deepa Rao,Central,Consumer,2024-08-31,F,32
C00313,Arjun Kumar,East,Consumer,2022-03-09,M,26
C00314,Deepa Singh,North,Consumer,2022-10-23,F,33
C00315,Deepa Kumar,South,Consumer,2024-03-07,F,31
C00316,Kavya Sharma,West,Consumer,2022-06-10,F,30
C00317,Arjun Kumar,South,Corporate,2023-11-29,F,36
C00318,Isha Singh,North,Consumer,2024-07-11,F,38
C00319,Priya Singh,East,Consumer,2023-01-16,F,27
C00320,Ravi Joshi,South,Consumer,2022-05-31,M,27
C00321,Amit Sharma,South,Corporate,2022-11-12,F,29
C00322,Sai Singh,North,Consumer,2023-09-24,F,18
C00323,Sai Patel,North,Consumer,2024-06-01,F,19
C00324,Ananya Rao,East,Consumer,2022-07-03,F,42
C00325,Ananya Kumar,East,Corporate,2024-02-28,M,45
C00326,Amit Gupta,South,Consumer,2023-05-13,M,30
C00327,Shreya Gupta,North,Consumer,2023-07-04,F,36
C00328,Neha Kumar,North,Consumer,2023-09-06,F,34
C00329,Isha Kumar,South,Home Office,2024-10-12,M,56
C00330,Rohit Kumar,North,Consumer,2024-03-21,F,40
C00331,Manish Joshi,South,Home Office,2024-06-20,F,30
C00332,Kavya Joshi,North,Consumer,2023-02-16,F,24
C00333,Sai Sharma,Central,Home Office,2023-08-20,F,19
C00334,Vikram Verma,South,Consumer,2024-03-15,F,33
C00335,Ravi Joshi,North,Home Office,2023-01-04,M,25
C00336,Kiran Nair,Central,Consumer,2023-08-20,M,20
C00337,Manish Gupta,East,Consumer,2023-09-13,M,26
C00338,Amit Sharma,West,Corporate,2022-06-01,F,23
C00339,Vikram Nair,East,Consumer,2024-05-06,M,45
C00340,Isha Singh,West,Corporate,2022-06-24,M,39
C00341,Isha Verma,East,Consumer,2022-04-01,F,31
C00342,Isha Singh,Central,Consumer,2022-01-22,M,43
C00343,Amit Verma,East,Consumer,2023-03-29,F,32
C00344,Sai Gupta,South,Consumer,2024-10-21,M,25
C00345,Sai Reddy,South,Consumer,2022-06-25,M,44
C00346,Manish Sharma,South,Consumer,2023-02-28,F,36
C00347,Sai Nair,North,Corporate,2024-07-15,F,23
C00348,Ravi Patel,North,Corporate,2022-02-16,F,30
C00349,Shreya Kumar,East,Consumer,2023-05-15,M,24
C00350,Ananya Sharma,South,Consumer,2024-08-04,M,20
C00351,Isha Gupta,East,Consumer,2024-06-04,F,39
C00352,Arjun Joshi,West,Consumer,2024-05-29,F,47
C00353,Arjun Verma,North,Corporate,2022-05-09,M,20
C00354,Isha Rao,North,Consumer,2024-07-26,M,36
C00355,Amit Nair,East,Consumer,2024-03-06,F,26
C00356,Vikram Kumar,South,Corporate,2022-12-20,F,28
C00357,Deepa Joshi,East,Consumer,2023-10-04,M,27
C00358,Priya Patel,North,Consumer,2022-10-17,F,25
C00359,Kavya Joshi,North,Consumer,2023-01-16,F,32
C00360,Shreya Rao,East,Consumer,2022-12-21,M,25
C00361,Rohit Patel,North,Consumer,2024-07-12,M,34
C00362,Manish Singh,Central,Consumer,2023-02-04,F,31
C00363,Ananya Rao,East,Consumer,2024-10-04,F,30
C00364,Kiran Nair,South,Consumer,2022-03-05,M,24
C00365,Amit Reddy,South,Consumer,2022-12-11,F,27
C00366,Vikram Nair,East,Consumer,2022-08-22,F,38
C00367,Isha Rao,West,Consumer,2022-03-27,F,36
C00368,Ananya Verma,Central,Consumer,2023-05-22,F,24
C00369,Manish Reddy,South,Consumer,2022-06-28,F,32
C00370,Manish Kumar,West,Consumer,2023-12-20,F,38
C00371,Neha Joshi,North,Consumer,2023-02-28,M,18
C00372,Vikram Singh,East,Consumer,2022-12-11,F,36
C00373,Kiran Patel,South,Consumer,2022-07-15,M,26
C00374,Isha Gupta,Central,Home Office,2022-09-17,M,36
C00375,Priya Sharma,West,Corporate,2024-03-15,F,25
C00376,Neha Joshi,East,Consumer,2024-02-08,F,18
C00377,Ravi Kumar,South,Corporate,2024-01-26,F,18
C00378,Rohit Singh,East,Home Office,2022-07-10,F,32
C00379,Shreya Singh,West,Corporate,2024-03-25,M,34
C00380,Kavya Verma,South,Consumer,2023-08-04,F,24
C00381,Ananya Joshi,North,Home Office,2023-12-05,M,37
C00382,Arjun Kumar,East,Corporate,2022-02-03,M,18
C00383,Deepa Sharma,South,Consumer,2024-05-26,M,31
C00384,Kiran Sharma,West,Consumer,2023-07-16,M,22
C00385,Shreya Singh,South,Consumer,2022-12-05,M,26
C00386,Kavya Patel,West,Corporate,2024-05-29,M,32
C00387,Kiran Kumar,North,Consumer,2022-09-29,M,25
C00388,Ananya Nair,North,Consumer,2022-09-04,F,28
C00389,Kiran Sharma,South,Consumer,2022-07-02,M,40
C00390,Ravi Singh,South,Consumer,2024-02-23,M,27
C00391,Shreya Sharma,North,Consumer,2022-12-03,F,38
C00392,Sai Verma,East,Consumer,2024-04-23,F,22
C00393,Manish Verma,North,Consumer,2022-09-10,F,36
C00394,Sai Gupta,South,Consumer,2023-07-22,M,43
C00395,Priya Rao,East,Corporate,2023-08-07,M,18
C00396,Manish Patel,North,Consumer,2023-01-22,F,25
C00397,Amit Reddy,West,Corporate,2023-05-06,F,36
C00398,Kavya Kumar,North,Consumer,2022-05-26,M,30
C00399,Sai Singh,North,Home Office,2024-05-11,F,34
C00400,Ananya Sharma,West,Home Office,2022-05-30,M,27
C00401,Vikram Kumar,North,Consumer,2022-05-04,F,32
C00402,Ananya Patel,East,Consumer,2024-04-30,F,30
C00403,Kiran Gupta,North,Consumer,2022-11-09,F,41
C00404,Ravi Patel,North,Home Office,2022-11-15,F,34
C00405,Kavya Joshi,East,Corporate,2022-05-16,F,34
C00406,Kiran Gupta,West,Corporate,2022-04-29,M,28
C00407,Ravi Gupta,North,Consumer,2022-04-23,F,28
C00408,Shreya Sharma,North,Corporate,2022-01-24,M,28
C00409,Rohit Singh,East,Corporate,2023-06-15,M,35
C00410,Sai Sharma,West,Home Office,2022-08-30,M,28
C00411,Sai Gupta,South,Consumer,2022-06-07,F,34
C00412,Rohit Rao,South,Consumer,2022-12-08,F,48
C00413,Neha Patel,West,Home Office,2022-08-25,M,38
C00414,Kiran Rao,North,Home Office,2022-01-26,M,29
C00415,Arjun Nair,South,Home Office,2023-01-02,M,41
C00416,Ananya Gupta,North,Consumer,2023-10-18,F,28
C00417,Manish Kumar,East,Consumer,2022-04-18,M,18
C00418,Priya Rao,Central,Home Office,2022-05-22,F,23
C00419,Manish Patel,West,Consumer,2022-06-26,F,18
C00420,Arjun Singh,North,Consumer,2023-09-15,M,29
C00421,Rohit Singh,East,Consumer,2023-02-05,M,32
C00422,Neha Reddy,Central,Consumer,2023-12-11,M,45
C00423,Sai Reddy,West,Consumer,2023-09-22,M,34
C00424,Priya Rao,Central,Consumer,2022-05-03,M,30
C00425,Kiran Patel,North,Home Office,2024-04-25,F,38
C00426,Rohit Kumar,East,Consumer,2024-03-18,M,18
C00427,Vikram Joshi,North,Consumer,2022-09-25,M,33
C00428,Amit Patel,West,Home Office,2024-03-15,F,38
C00429,Sai Nair,South,Consumer,2023-02-20,M,20
C00430,Isha Joshi,North,Consumer,2024-07-09,F,41
C00431,Sai Gupta,North,Consumer,2023-03-02,F,34
C00432,Amit Nair,South,Consumer,2022-11-19,F,28
C00433,Manish Joshi,North,Corporate,2023-11-03,M,37
C00434,Ravi Verma,Central,Consumer,2022-04-11,F,50
C00435,Amit Sharma,North,Consumer,2024-07-15,M,33
C00436,Ravi Nair,North,Corporate,2022-09-06,M,33
C00437,Arjun Verma,North,Corporate,2024-02-02,M,28
C00438,Vikram Joshi,South,Corporate,2022-02-14,M,25
C00439,Priya Nair,West,Consumer,2023-11-11,M,38
C00440,Arjun Nair,North,Home Office,2024-06-06,F,25
C00441,Rohit Reddy,South,Consumer,2023-12-26,M,32
C00442,Deepa Sharma,South,Consumer,2022-11-01,M,28
C00443,Vikram Joshi,East,Consumer,2024-10-18,F,35
C00444,Deepa Rao,South,Consumer,2024-02-24,M,34
C00445,Kavya Verma,East,Corporate,2023-05-26,M,40
C00446,Kavya Singh,South,Corporate,2023-12-06,F,27
C00447,Kavya Patel,North,Consumer,2023-03-25,M,29
C00448,Deepa Patel,North,Home Office,2024-01-03,M,24
C00449,Neha Kumar,North,Consumer,2022-04-25,M,28
C00450,Vikram Gupta,South,Corporate,2022-12-22,M,35
C00451,Priya Joshi,South,Corporate,2024-01-05,M,38
C00452,Kiran Singh,Central,Consumer,2023-01-21,F,24
C00453,Ananya Patel,North,Consumer,2022-04-26,M,38
C00454,Vikram Verma,North,Consumer,2023-11-11,M,42
C00455,Isha Sharma,South,Consumer,2023-10-25,M,35
C00456,Arjun Sharma,East,Home Office,2022-08-16,F,47
C00457,Ravi Singh,West,Consumer,2022-07-26,F,25
C00458,Amit Singh,North,Consumer,2024-06-13,F,22
C00459,Shreya Singh,North,Home Office,2024-01-01,M,18
C00460,Shreya Joshi,West,Consumer,2023-08-27,M,43
C00461,Neha Reddy,Central,Home Office,2024-03-12,M,37
C00462,Neha Joshi,South,Corporate,2023-03-29,M,31
C00463,Deepa Nair,North,Corporate,2023-05-03,F,34
C00464,Sai Sharma,East,Home Office,2023-11-19,F,22
C00465,Arjun Patel,North,Consumer,2023-12-19,F,51
C00466,Isha Kumar,West,Consumer,2024-06-16,F,33
C00467,Neha Gupta,South,Consumer,2024-02-08,M,32
C00468,Manish Nair,West,Consumer,2023-04-07,M,37
C00469,Rohit Kumar,West,Consumer,2022-02-11,F,35
C00470,Amit Kumar,North,Consumer,2024-02-08,M,33
C00471,Kiran Kumar,East,Home Office,2022-07-10,F,25
C00472,Vikram Joshi,West,Corporate,2024-06-02,M,35
C00473,Vikram Gupta,North,Consumer,2023-02-25,M,47
C00474,Kavya Rao,West,Corporate,2023-06-28,F,42
C00475,Amit Verma,North,Consumer,2024-10-02,M,44
C00476,Arjun Singh,North,Consumer,2024-09-10,M,27
C00477,Ravi Reddy,North,Consumer,2022-06-17,F,24
C00478,Manish Kumar,South,Consumer,2024-09-28,F,30
C00479,Ravi Rao,South,Consumer,2024-02-21,F,32
C00480,Neha Nair,North,Consumer,2023-06-24,M,40
C00481,Manish Patel,East,Consumer,2022-07-18,M,18
C00482,Shreya Singh,West,Consumer,2023-04-11,M,44
C00483,Manish Gupta,West,Consumer,2024-08-30,M,30
C00484,Rohit Patel,North,Home Office,2022-03-13,M,28
C00485,Ravi Nair,North,Home Office,2023-03-10,M,23
C00486,Neha Reddy,South,Home Office,2024-06-10,M,18
C00487,Manish Sharma,West,Consumer,2022-05-18,M,38
C00488,Kavya Rao,South,Consumer,2023-07-20,F,32
C00489,Deepa Reddy,West,Consumer,2024-05-09,M,21
C00490,Kavya Sharma,North,Consumer,2022-07-25,M,21
C00491,Vikram Kumar,West,Home Office,2023-12-06,F,29
C00492,Amit Gupta,East,Consumer,2024-08-26,M,45
C00493,Neha Patel,South,Consumer,2024-04-02,M,29
C00494,Kavya Singh,East,Consumer,2024-08-31,F,19
C00495,Deepa Singh,North,Corporate,2023-09-13,F,30
C00496,Amit Nair,West,Consumer,2023-04-12,M,29
C00497,Amit Nair,West,Consumer,2024-05-03,M,18
C00498,Priya Nair,North,Corporate,2024-09-19,F,31
C00499,Manish Reddy,East,Consumer,2023-09-30,F,30
C00500,Neha Rao,West,Consumer,2023-01-30,M,37
C00501,Manish Reddy,North,Consumer,2024-01-09,M,46
C00502,Amit Singh,West,Consumer,2022-09-11,M,41
C00503,Priya Singh,South,Consumer,2024-08-29,F,29
C00504,Sai Sharma,West,Consumer,2022-07-05,F,23
C00505,Arjun Gupta,North,Home Office,2023-03-15,M,52
C00506,Shreya Verma,East,Consumer,2024-04-18,M,32
C00507,Manish Reddy,South,Consumer,2022-12-21,M,32
C00508,Priya Patel,East,Home Office,2023-07-18,F,31
C00509,Deepa Gupta,West,Consumer,2023-03-23,F,33
C00510,Amit Rao,West,Consumer,2022-07-29,M,30
C00511,Ananya Singh,East,Consumer,2023-08-02,F,27
C00512,Shreya Kumar,South,Consumer,2023-07-21,F,27
C00513,Manish Patel,South,Corporate,2023-09-04,M,31
C00514,Neha Rao,West,Home Office,2024-04-07,F,27
C00515,Shreya Sharma,West,Consumer,2023-08-29,F,26
C00516,Deepa Gupta,South,Corporate,2023-01-24,F,32
C00517,Kiran Verma,East,Consumer,2024-09-01,F,29
C00518,Ananya Patel,West,Corporate,2023-01-06,F,44
C00519,Ravi Nair,North,Consumer,2023-01-10,F,18
C00520,Shreya Kumar,North,Consumer,2023-09-21,F,40
C00521,Isha Singh,South,Consumer,2024-08-07,M,41
C00522,Rohit Reddy,West,Consumer,2022-05-26,F,18
C00523,Deepa Verma,East,Home Office,2024-02-21,F,29
C00524,Kavya Reddy,West,Consumer,2023-02-15,F,29
C00525,Kavya Joshi,West,Home Office,2022-10-21,F,20
C00526,Manish Sharma,West,Consumer,2022-12-29,F,25
C00527,Shreya Reddy,North,Consumer,2022-12-12,M,23
C00528,Rohit Kumar,North,Consumer,2024-05-29,F,46
C00529,Kavya Nair,South,Consumer,2023-02-13,F,39
C00530,Arjun Singh,West,Consumer,2022-02-06,M,42
C00531,Shreya Verma,North,Home Office,2023-10-02,M,37
C00532,Ravi Gupta,East,Consumer,2022-05-14,M,22
C00533,Amit Patel,South,Consumer,2023-11-23,F,27
C00534,Deepa Sharma,South,Home Office,2024-01-06,M,35
C00535,Neha Gupta,North,Consumer,2022-09-26,M,22
C00536,Kiran Reddy,East,Consumer,2024-01-21,M,37
C00537,Kavya Patel,West,Consumer,2022-04-09,M,30
C00538,Shreya Reddy,North,Consumer,2024-06-28,F,29
C00539,Ravi Rao,South,Corporate,2023-02-25,M,37
C00540,Amit Gupta,East,Consumer,2023-07-07,M,35
C00541,Kavya Kumar,East,Consumer,2023-08-02,M,29
C00542,Isha Kumar,South,Consumer,2023-06-23,M,41
C00543,Sai Gupta,South,Consumer,2024-10-13,M,23
C00544,Kiran Nair,South,Consumer,2022-07-02,M,36
C00545,Manish Joshi,East,Consumer,2022-07-04,M,36
C00546,Kiran Kumar,Central,Consumer,2024-07-24,F,29
C00547,Amit Nair,North,Corporate,2022-03-22,F,34
C00548,Sai Singh,South,Consumer,2022-04-04,M,21
C00549,Manish Sharma,East,Consumer,2024-01-03,F,39
C00550,Vikram Patel,West,Consumer,2023-12-03,M,30
C00551,Ravi Gupta,South,Consumer,2024-02-29,F,27
C00552,Isha Gupta,East,Corporate,2022-08-20,M,40
C00553,Kiran Reddy,Central,Corporate,2022-08-01,F,26
C00554,Deepa Joshi,South,Consumer,2024-06-16,M,20
C00555,Vikram Gupta,West,Consumer,2022-09-25,F,19
C00556,Deepa Nair,North,Consumer,2022-04-05,M,36
C00557,Amit Singh,North,Home Office,2023-04-04,F,21
C00558,Ananya Rao,East,Consumer,2024-06-05,M,46
C00559,Rohit Singh,East,Consumer,2022-11-01,M,18
C00560,Arjun Sharma,East,Consumer,2024-10-12,M,45
C00561,Ravi Nair,South,Consumer,2023-07-24,M,33
C00562,Ananya Verma,East,Consumer,2023-04-27,M,31
C00563,Rohit Nair,West,Consumer,2024-10-17,F,27
C00564,Sai Kumar,Central,Corporate,2022-02-06,M,35
C00565,Kavya Gupta,North,Consumer,2022-07-06,F,31
C00566,Deepa Rao,East,Consumer,2024-07-23,F,40
C00567,Sai Reddy,West,Corporate,2023-11-11,F,32
C00568,Kiran Singh,West,Consumer,2023-03-31,M,33
C00569,Sai Singh,West,Home Office,2023-08-21,F,29
C00570,Kiran Kumar,North,Consumer,2022-10-15,F,31
C00571,Ravi Patel,East,Consumer,2024-03-15,M,34
C00572,Rohit Verma,West,Consumer,2024-04-28,M,18
C00573,Deepa Joshi,North,Home Office,2024-07-25,M,21
C00574,Rohit Reddy,East,Consumer,2024-06-05,F,37
C00575,Deepa Rao,West,Home Office,2022-12-22,M,33
C00576,Ravi Gupta,East,Consumer,2023-10-22,F,30
C00577,Kavya Joshi,Central,Corporate,2023-07-15,F,32
C00578,Sai Patel,South,Consumer,2024-04-25,F,34
C00579,Manish Rao,West,Corporate,2023-03-22,M,27
C00580,Priya Joshi,West,Consumer,2022-09-29,M,25
C00581,Ananya Rao,East,Consumer,2022-08-25,F,33
C00582,Ananya Nair,East,Home Office,2024-05-04,F,24
C00583,Deepa Gupta,West,Consumer,2022-02-21,F,35
C00584,Neha Reddy,East,Consumer,2022-11-26,F,18
C00585,Shreya Patel,North,Consumer,2023-08-28,M,40
C00586,Isha Rao,North,Corporate,2022-07-29,M,35
C00587,Kiran Rao,South,Consumer,2023-08-13,M,34
C00588,Deepa Gupta,South,Home Office,2023-10-03,M,39
C00589,Arjun Patel,North,Home Office,2024-06-26,M,45
C00590,Deepa Singh,West,Consumer,2023-02-07,M,40
C00591,Amit Nair,North,Consumer,2023-01-18,M,18
C00592,Kiran Rao,North,Consumer,2023-07-26,F,21
C00593,Neha Sharma,East,Consumer,2023-11-08,F,27
C00594,Kiran Sharma,North,Home Office,2022-04-15,F,32
C00595,Rohit Joshi,East,Consumer,2023-10-13,M,36
C00596,Neha Rao,North,Consumer,2024-05-01,F,26
C00597,Ravi Singh,North,Consumer,2023-11-11,F,33
C00598,Sai Patel,North,Corporate,2024-08-30,M,25
C00599,Ravi Singh,South,Home Office,2023-05-15,M,27
C00600,Shreya Singh,South,Corporate,2022-08-21,F,20
C00601,Amit Rao,West,Consumer,2024-02-07,F,24
C00602,Rohit Reddy,South,Consumer,2023-10-19,M,21
C00603,Ravi Sharma,Central,Corporate,2022-01-16,M,24
C00604,Priya Verma,West,Consumer,2022-08-01,M,40
C00605,Ananya Gupta,East,Home Office,2022-11-11,M,24
C00606,Rohit Singh,North,Consumer,2022-12-31,F,53
C00607,Ananya Kumar,East,Consumer,2023-06-14,F,35
C00608,Kavya Nair,East,Consumer,2022-02-04,F,33
C00609,Shreya Kumar,East,Consumer,2022-05-10,M,25
C00610,Kiran Kumar,South,Consumer,2023-08-17,F,37
C00611,Vikram Kumar,South,Home Office,2024-02-21,F,27
C00612,Manish Reddy,South,Consumer,2022-10-07,F,32
C00613,Isha Rao,South,Consumer,2023-09-03,F,52
C00614,Arjun Rao,West,Consumer,2022-03-27,M,31
C00615,Vikram Joshi,South,Consumer,2022-06-24,F,41
C00616,Priya Singh,North,Home Office,2022-10-19,M,26
C00617,Neha Verma,East,Consumer,2022-08-23,M,31
C00618,Shreya Joshi,West,Home Office,2024-08-02,M,46
C00619,Amit Kumar,South,Consumer,2024-09-24,F,26
C00620,Sai Sharma,East,Consumer,2023-08-07,M,46
C00621,Deepa Verma,South,Consumer,2023-09-19,M,37
C00622,Vikram Joshi,South,Consumer,2024-05-27,M,27
C00623,Arjun Singh,North,Consumer,2024-06-12,F,37
C00624,Manish Singh,North,Corporate,2024-09-09,F,39
C00625,Rohit Singh,West,Consumer,2022-08-11,M,36
C00626,Shreya Joshi,North,Consumer,2022-10-14,M,19
C00627,Amit Kumar,West,Home Office,2022-03-05,F,26
C00628,Isha Joshi,North,Consumer,2023-06-18,F,30
C00629,Shreya Sharma,South,Consumer,2023-08-19,M,31
C00630,Rohit Rao,East,Consumer,2024-10-25,M,36
C00631,Shreya Verma,West,Corporate,2022-12-06,M,33
C00632,Rohit Sharma,North,Home Office,2022-10-27,F,21
C00633,Sai Reddy,North,Consumer,2022-05-09,F,35
C00634,Sai Verma,North,Consumer,2024-01-10,F,36
C00635,Rohit Nair,West,Consumer,2023-10-26,M,36
C00636,Kiran Rao,East,Consumer,2023-06-24,M,40
C00637,Kavya Gupta,South,Consumer,2022-06-09,F,38
C00638,Kavya Verma,East,Consumer,2023-12-08,F,35
C00639,Isha Nair,West,Consumer,2022-10-12,F,31
C00640,Neha Verma,North,Consumer,2023-03-10,M,18
C00641,Neha Sharma,South,Corporate,2022-08-31,M,35
C00642,Kavya Singh,West,Consumer,2024-09-07,F,33
C00643,Priya Joshi,North,Corporate,2022-02-15,M,34
C00644,Arjun Sharma,East,Consumer,2022-03-22,M,21
C00645,Arjun Sharma,South,Consumer,2024-04-10,M,23
C00646,Deepa Patel,Central,Consumer,2024-08-23,F,40
C00647,Neha Verma,West,Consumer,2023-01-08,F,31
C00648,Neha Singh,Central,Consumer,2022-05-21,M,37
C00649,Kavya Gupta,North,Consumer,2024-10-29,F,32
C00650,Manish Sharma,East,Consumer,2022-03-21,M,32
C00651,Ravi Nair,East,Home Office,2022-01-03,F,39
C00652,Ananya Gupta,South,Consumer,2024-05-28,M,27
C00653,Isha Nair,West,Consumer,2022-07-20,F,32
C00654,Neha Patel,South,Consumer,2022-06-21,F,28
C00655,Vikram Rao,South,Consumer,2022-01-15,M,28
C00656,Ananya Reddy,South,Consumer,2023-10-09,F,29
C00657,Sai Kumar,North,Consumer,2023-06-04,F,33
C00658,Manish Rao,South,Consumer,2023-07-19,F,28
C00659,Isha Verma,South,Corporate,2024-09-15,M,42
C00660,Sai Rao,East,Consumer,2023-09-21,F,24
C00661,Isha Gupta,West,Home Office,2022-09-01,M,30
C00662,Rohit Sharma,North,Consumer,2023-11-25,M,28
C00663,Neha Gupta,Central,Consumer,2022-07-06,M,43
C00664,Rohit Joshi,South,Consumer,2023-03-31,F,33
C00665,Ravi Joshi,North,Consumer,2024-03-31,F,40
C00666,Kiran Joshi,North,Corporate,2022-12-25,F,20
C00667,Rohit Reddy,North,Consumer,2023-08-09,M,34
C00668,Arjun Joshi,East,Consumer,2022-12-14,M,39
C00669,Sai Verma,East,Home Office,2022-06-27,F,32
C00670,Isha Gupta,South,Consumer,2023-02-15,M,40
C00671,Kiran Kumar,Central,Consumer,2023-12-14,F,27
C00672,Manish Patel,North,Home Office,2024-07-20,F,43
C00673,Vikram Reddy,South,Consumer,2022-08-07,M,50
C00674,Ananya Patel,South,Consumer,2023-06-12,F,29
C00675,Kiran Nair,Central,Consumer,2023-05-14,F,28
C00676,Isha Nair,East,Home Office,2022-02-26,F,43
C00677,Ravi Patel,North,Consumer,2023-03-28,M,44
C00678,Isha Singh,South,Consumer,2022-01-20,F,27
C00679,Priya Patel,North,Consumer,2023-12-02,M,28
C00680,Ananya Sharma,South,Consumer,2023-07-06,M,29
C00681,Kiran Verma,South,Consumer,2023-05-11,F,21
C00682,Priya Verma,North,Consumer,2023-12-31,M,24
C00683,Isha Kumar,North,Consumer,2024-10-05,M,23
C00684,Isha Rao,Central,Corporate,2024-01-31,F,25
C00685,Rohit Joshi,West,Consumer,2023-07-28,F,31
C00686,Priya Joshi,North,Consumer,2024-05-16,F,33
C00687,Ananya Reddy,East,Consumer,2022-12-24,F,44
C00688,Ravi Rao,South,Consumer,2022-01-25,M,24
C00689,Kavya Joshi,North,Consumer,2023-06-16,M,39
C00690,Ananya Patel,North,Consumer,2023-12-04,F,30
C00691,Neha Nair,South,Consumer,2024-02-02,F,31
C00692,Manish Gupta,South,Consumer,2022-09-26,M,37
C00693,Manish Kumar,West,Corporate,2024-06-04,F,23
C00694,Priya Sharma,West,Corporate,2024-08-26,M,35
C00695,Neha Gupta,South,Home Office,2023-10-09,F,33
C00696,Amit Patel,East,Consumer,2024-03-26,M,35
C00697,Kiran Sharma,North,Corporate,2024-09-02,M,34
C00698,Rohit Singh,South,Consumer,2023-06-12,F,51
C00699,Arjun Gupta,North,Home Office,2023-02-12,M,26
C00700,Isha Patel,South,Consumer,2024-09-25,F,27
C00701,Deepa Kumar,South,Consumer,2022-10-24,M,27
C00702,Shreya Singh,South,Consumer,2024-04-08,M,27
C00703,Ravi Sharma,South,Consumer,2023-08-20,F,26
C00704,Vikram Gupta,South,Consumer,2024-01-14,F,41
C00705,Kavya Sharma,North,Consumer,2023-04-26,F,43
C00706,Kiran Kumar,North,Consumer,2022-07-15,M,27
C00707,Deepa Nair,East,Consumer,2024-03-24,M,25
C00708,Ravi Patel,East,Consumer,2024-03-09,F,35
C00709,Priya Verma,West,Consumer,2022-09-16,M,27
C00710,Ananya Sharma,North,Consumer,2023-10-29,F,37
C00711,Rohit Rao,Central,Consumer,2022-10-04,M,33
C00712,Vikram Joshi,South,Corporate,2024-06-09,F,19
C00713,Deepa Singh,South,Consumer,2022-07-03,F,44
C00714,Amit Singh,South,Consumer,2022-01-22,M,46
C00715,Ananya Sharma,South,Consumer,2022-01-18,F,27
C00716,Isha Nair,South,Corporate,2023-08-23,M,28
C00717,Isha Reddy,East,Consumer,2024-06-14,F,34
C00718,Priya Sharma,West,Consumer,2024-02-14,M,34
C00719,Amit Kumar,South,Consumer,2023-07-11,F,37
C00720,Shreya Rao,West,Consumer,2022-05-21,M,48
C00721,Neha Patel,North,Consumer,2024-07-16,F,30
C00722,Kiran Joshi,South,Consumer,2022-11-08,M,25
C00723,Ananya Reddy,North,Consumer,2023-07-06,M,20
C00724,Kiran Nair,West,Consumer,2022-11-05,M,26
C00725,Rohit Verma,South,Consumer,2024-10-17,F,31
C00726,Rohit Reddy,South,Corporate,2022-10-27,M,46
C00727,Amit Gupta,North,Consumer,2023-01-29,F,27
C00728,Manish Gupta,West,Consumer,2023-05-25,F,33
C00729,Isha Nair,North,Home Office,2023-02-12,F,31
C00730,Kiran Kumar,East,Home Office,2024-08-26,F,41
C00731,Shreya Patel,Central,Consumer,2022-03-28,M,52
C00732,Amit Nair,East,Consumer,2022-04-17,M,27
C00733,Ravi Verma,East,Consumer,2022-12-09,F,28
C00734,Vikram Kumar,South,Consumer,2022-03-28,F,40
C00735,Kiran Joshi,North,Corporate,2023-05-25,M,37
C00736,Rohit Kumar,East,Consumer,2022-05-03,M,46
C00737,Sai Sharma,West,Corporate,2022-09-15,F,36
C00738,Priya Singh,Central,Corporate,2023-12-13,F,29
C00739,Kiran Verma,North,Consumer,2022-10-03,F,36
C00740,Deepa Reddy,South,Consumer,2023-08-27,F,40
C00741,Priya Joshi,North,Consumer,2024-08-17,F,38
C00742,Manish Joshi,Central,Consumer,2022-05-22,M,36
C00743,Rohit Patel,West,Consumer,2024-07-18,M,40
C00744,Isha Rao,South,Consumer,2022-02-08,F,41
C00745,Isha Joshi,North,Corporate,2024-03-04,M,43
C00746,Ananya Nair,West,Consumer,2023-08-03,F,37
C00747,Kavya Singh,North,Consumer,2022-05-17,M,30
C00748,Manish Sharma,North,Consumer,2022-08-08,F,33
C00749,Priya Kumar,North,Consumer,2024-03-06,F,41
C00750,Ananya Joshi,West,Consumer,2024-01-21,M,25
C00751,Vikram Kumar,North,Home Office,2024-10-03,M,34
C00752,Rohit Reddy,South,Corporate,2024-05-01,F,28
C00753,Isha Reddy,West,Consumer,2022-03-25,M,32
C00754,Manish Patel,North,Consumer,2022-07-18,M,42
C00755,Kiran Verma,East,Consumer,2023-05-25,M,33
C00756,Ananya Rao,South,Consumer,2024-01-04,F,32
C00757,Kiran Gupta,West,Consumer,2023-01-05,F,21
C00758,Ananya Singh,East,Consumer,2024-06-26,F,37
C00759,Deepa Singh,East,Home Office,2024-02-01,F,37
C00760,Isha Gupta,West,Consumer,2023-05-08,M,49
C00761,Kavya Rao,Central,Consumer,2024-07-15,F,29
C00762,Kavya Reddy,West,Home Office,2022-02-03,M,33
C00763,Deepa Patel,North,Home Office,2023-03-16,F,33
C00764,Arjun Patel,Central,Consumer,2022-11-13,M,44
C00765,Arjun Nair,South,Consumer,2024-01-22,M,31
C00766,Priya Patel,West,Consumer,2024-03-29,M,34
C00767,Kiran Kumar,West,Corporate,2022-12-21,F,36
C00768,Manish Joshi,West,Consumer,2023-09-08,M,33
C00769,Kiran Joshi,South,Corporate,2023-11-16,F,28
C00770,Deepa Gupta,South,Home Office,2023-04-10,M,33
C00771,Shreya Gupta,North,Consumer,2023-10-16,M,40
C00772,Sai Rao,East,Consumer,2024-03-15,F,23
C00773,Isha Joshi,East,Consumer,2024-06-03,F,33
C00774,Isha Gupta,North,Consumer,2024-09-01,M,26
C00775,Ananya Gupta,South,Consumer,2024-06-08,M,41
C00776,Isha Sharma,South,Consumer,2024-03-20,M,19
C00777,Ananya Joshi,Central,Consumer,2023-05-12,M,27
C00778,Amit Gupta,South,Home Office,2022-07-03,M,35
C00779,Shreya Gupta,South,Consumer,2023-10-19,F,44
C00780,Vikram Reddy,West,Consumer,2023-12-18,F,31
C00781,Vikram Sharma,South,Home Office,2023-04-24,M,27
C00782,Shreya Singh,North,Corporate,2022-06-25,M,47
C00783,Kiran Reddy,North,Consumer,2022-10-30,F,20
C00784,Arjun Singh,East,Consumer,2024-07-10,F,18
C00785,Arjun Singh,North,Consumer,2023-02-22,F,35
C00786,Ananya Nair,East,Home Office,2022-02-07,F,27
C00787,Vikram Rao,North,Consumer,2023-08-05,M,23
C00788,Isha Joshi,South,Consumer,2022-01-18,M,37
C00789,Kavya Patel,East,Home Office,2024-01-08,M,33
C00790,Arjun Patel,West,Consumer,2023-04-19,F,27
C00791,Ananya Kumar,Central,Consumer,2022-06-30,M,21
C00792,Priya Rao,Central,Consumer,2022-02-14,M,38
C00793,Priya Rao,South,Consumer,2022-11-18,M,37
C00794,Sai Singh,South,Consumer,2024-10-23,F,31
C00795,Isha Reddy,East,Home Office,2022-03-02,F,46
C00796,Priya Sharma,South,Consumer,2022-10-09,M,23
C00797,Kiran Gupta,East,Consumer,2023-04-11,F,19
C00798,Priya Joshi,North,Home Office,2023-11-06,F,26
C00799,Ananya Sharma,North,Consumer,2023-02-19,M,31
C00800,Amit Rao,Central,Consumer,2022-10-25,M,33
